# FOMC statements and announcements, 2009-2025. A day gets the FOMC flag only if in_rth is True,
# i.e. the release fell inside regular hours (09:30-16:00 ET); pre-open and weekend releases are
# listed for completeness. Sources (D-017):
# - meeting and statement dates: federalreserve.gov FOMC calendars and historical pages (fomchistoricalYYYY.htm)
# - 2:15 pm statements through Jan 2013; 12:30 pm on 2011-12 press-conference days (Fed press release 2011-03-24)
# - 2:00 pm from the March 2013 meeting (Fed press release 2013-03-13)
# - unscheduled rows: release time from each press release (monetaryYYYYMMDDa.htm)
date,time_et,type,in_rth,notes
2009-01-28,14:15,scheduled,True,
2009-03-18,14:15,scheduled,True,
2009-04-29,14:15,scheduled,True,
2009-06-24,14:15,scheduled,True,
2009-08-12,14:15,scheduled,True,
2009-09-23,14:15,scheduled,True,
2009-11-04,14:15,scheduled,True,
2009-12-16,14:15,scheduled,True,
2010-01-27,14:15,scheduled,True,
2010-03-16,14:15,scheduled,True,
2010-04-28,14:15,scheduled,True,
2010-05-09,,unscheduled,False,Sunday conference call (dollar swap lines)
2010-06-23,14:15,scheduled,True,
2010-08-10,14:15,scheduled,True,
2010-09-21,14:15,scheduled,True,
2010-11-03,14:15,scheduled,True,
2010-12-14,14:15,scheduled,True,
2011-01-26,14:15,scheduled,True,
2011-03-15,14:15,scheduled,True,
2011-04-27,12:30,scheduled,True,"press-conference day (12:30 statement, 2011-12)"
2011-06-22,12:30,scheduled,True,"press-conference day (12:30 statement, 2011-12)"
2011-08-09,14:15,scheduled,True,
2011-09-21,14:15,scheduled,True,
2011-11-02,12:30,scheduled,True,"press-conference day (12:30 statement, 2011-12)"
2011-12-13,14:15,scheduled,True,
2012-01-25,12:30,scheduled,True,"press-conference day (12:30 statement, 2011-12)"
2012-03-13,14:15,scheduled,True,
2012-04-25,12:30,scheduled,True,"press-conference day (12:30 statement, 2011-12)"
2012-06-20,12:30,scheduled,True,"press-conference day (12:30 statement, 2011-12)"
2012-08-01,14:15,scheduled,True,
2012-09-13,12:30,scheduled,True,"press-conference day (12:30 statement, 2011-12)"
2012-10-24,14:15,scheduled,True,
2012-12-12,12:30,scheduled,True,"press-conference day (12:30 statement, 2011-12)"
2013-01-30,14:15,scheduled,True,
2013-03-20,14:00,scheduled,True,
2013-05-01,14:00,scheduled,True,
2013-06-19,14:00,scheduled,True,
2013-07-31,14:00,scheduled,True,
2013-09-18,14:00,scheduled,True,
2013-10-30,14:00,scheduled,True,
2013-12-18,14:00,scheduled,True,
2014-01-29,14:00,scheduled,True,
2014-03-19,14:00,scheduled,True,
2014-04-30,14:00,scheduled,True,
2014-06-18,14:00,scheduled,True,
2014-07-30,14:00,scheduled,True,
2014-09-17,14:00,scheduled,True,
2014-10-29,14:00,scheduled,True,
2014-12-17,14:00,scheduled,True,
2015-01-28,14:00,scheduled,True,
2015-03-18,14:00,scheduled,True,
2015-04-29,14:00,scheduled,True,
2015-06-17,14:00,scheduled,True,
2015-07-29,14:00,scheduled,True,
2015-09-17,14:00,scheduled,True,
2015-10-28,14:00,scheduled,True,
2015-12-16,14:00,scheduled,True,
2016-01-27,14:00,scheduled,True,
2016-03-16,14:00,scheduled,True,
2016-04-27,14:00,scheduled,True,
2016-06-15,14:00,scheduled,True,
2016-07-27,14:00,scheduled,True,
2016-09-21,14:00,scheduled,True,
2016-11-02,14:00,scheduled,True,
2016-12-14,14:00,scheduled,True,
2017-02-01,14:00,scheduled,True,
2017-03-15,14:00,scheduled,True,
2017-05-03,14:00,scheduled,True,
2017-06-14,14:00,scheduled,True,
2017-07-26,14:00,scheduled,True,
2017-09-20,14:00,scheduled,True,
2017-11-01,14:00,scheduled,True,
2017-12-13,14:00,scheduled,True,
2018-01-31,14:00,scheduled,True,
2018-03-21,14:00,scheduled,True,
2018-05-02,14:00,scheduled,True,
2018-06-13,14:00,scheduled,True,
2018-08-01,14:00,scheduled,True,
2018-09-26,14:00,scheduled,True,
2018-11-08,14:00,scheduled,True,
2018-12-19,14:00,scheduled,True,
2019-01-30,14:00,scheduled,True,
2019-03-20,14:00,scheduled,True,
2019-05-01,14:00,scheduled,True,
2019-06-19,14:00,scheduled,True,
2019-07-31,14:00,scheduled,True,
2019-09-18,14:00,scheduled,True,
2019-10-11,11:00,unscheduled,True,Statement Regarding Monetary Policy Implementation (Treasury bill purchases)
2019-10-30,14:00,scheduled,True,
2019-12-11,14:00,scheduled,True,
2020-01-29,14:00,scheduled,True,
2020-03-03,10:00,unscheduled,True,emergency 50bp cut
2020-03-15,,unscheduled,False,Sunday; cut to zero
2020-03-19,09:00,unscheduled,False,notation vote; dollar swap lines
2020-03-23,08:00,unscheduled,False,notation vote; open-ended asset purchases
2020-03-31,08:30,unscheduled,False,notation vote; FIMA repo facility
2020-04-29,14:00,scheduled,True,March 17-18 meeting cancelled; see unscheduled rows
2020-06-10,14:00,scheduled,True,
2020-07-29,14:00,scheduled,True,
2020-08-27,09:10,unscheduled,False,notation vote; revised Statement on Longer-Run Goals (Jackson Hole)
2020-09-16,14:00,scheduled,True,
2020-11-05,14:00,scheduled,True,
2020-12-16,14:00,scheduled,True,
2021-01-27,14:00,scheduled,True,
2021-03-17,14:00,scheduled,True,
2021-04-28,14:00,scheduled,True,
2021-06-16,14:00,scheduled,True,
2021-07-28,14:00,scheduled,True,
2021-09-22,14:00,scheduled,True,
2021-11-03,14:00,scheduled,True,
2021-12-15,14:00,scheduled,True,
2022-01-26,14:00,scheduled,True,
2022-03-16,14:00,scheduled,True,
2022-05-04,14:00,scheduled,True,
2022-06-15,14:00,scheduled,True,
2022-07-27,14:00,scheduled,True,
2022-09-21,14:00,scheduled,True,
2022-11-02,14:00,scheduled,True,
2022-12-14,14:00,scheduled,True,
2023-02-01,14:00,scheduled,True,
2023-03-22,14:00,scheduled,True,
2023-05-03,14:00,scheduled,True,
2023-06-14,14:00,scheduled,True,
2023-07-26,14:00,scheduled,True,
2023-09-20,14:00,scheduled,True,
2023-11-01,14:00,scheduled,True,
2023-12-13,14:00,scheduled,True,
2024-01-31,14:00,scheduled,True,
2024-03-20,14:00,scheduled,True,
2024-05-01,14:00,scheduled,True,
2024-06-12,14:00,scheduled,True,
2024-07-31,14:00,scheduled,True,
2024-09-18,14:00,scheduled,True,
2024-11-07,14:00,scheduled,True,
2024-12-18,14:00,scheduled,True,
2025-01-29,14:00,scheduled,True,
2025-03-19,14:00,scheduled,True,
2025-05-07,14:00,scheduled,True,
2025-06-18,14:00,scheduled,True,
2025-07-30,14:00,scheduled,True,
2025-08-22,10:00,unscheduled,True,notation vote; revised Statement on Longer-Run Goals (Jackson Hole)
2025-09-17,14:00,scheduled,True,
2025-10-29,14:00,scheduled,True,
2025-12-10,14:00,scheduled,True,
