# ISM Manufacturing and ISM Services release days, 10:00 ET (D-015).
# Generated by scripts/build_macro_dates.py from ISM's published rule (Manufacturing:
# first business day; Services: third; federal holidays and Good Friday skipped).
# certain=False rows: the rule is ambiguous that month and every candidate day is listed.
# Checked against ISM's published 2026 schedule and dated historical releases
# (tests/test_refdata.py). Do not edit by hand; rerun the script.
date,time_et,release,certain,notes
2009-01-02,10:00,ISM Manufacturing,False,January: ISM's extra holiday after New Year's; both candidates kept
2009-01-05,10:00,ISM Manufacturing,False,January: ISM's extra holiday after New Year's; both candidates kept
2009-01-06,10:00,ISM Services,False,January: ISM's extra holiday after New Year's; both candidates kept
2009-01-07,10:00,ISM Services,False,January: ISM's extra holiday after New Year's; both candidates kept
2009-02-02,10:00,ISM Manufacturing,True,
2009-02-04,10:00,ISM Services,True,
2009-03-02,10:00,ISM Manufacturing,True,
2009-03-04,10:00,ISM Services,True,
2009-04-01,10:00,ISM Manufacturing,True,
2009-04-03,10:00,ISM Services,True,
2009-05-01,10:00,ISM Manufacturing,True,
2009-05-05,10:00,ISM Services,True,
2009-06-01,10:00,ISM Manufacturing,True,
2009-06-03,10:00,ISM Services,True,
2009-07-01,10:00,ISM Manufacturing,True,
2009-07-06,10:00,ISM Services,True,
2009-08-03,10:00,ISM Manufacturing,True,
2009-08-05,10:00,ISM Services,True,
2009-09-01,10:00,ISM Manufacturing,True,
2009-09-03,10:00,ISM Services,True,
2009-10-01,10:00,ISM Manufacturing,True,
2009-10-05,10:00,ISM Services,True,
2009-11-02,10:00,ISM Manufacturing,True,
2009-11-04,10:00,ISM Services,True,
2009-12-01,10:00,ISM Manufacturing,True,
2009-12-03,10:00,ISM Services,True,
2010-01-04,10:00,ISM Manufacturing,False,January: ISM's extra holiday after New Year's; both candidates kept
2010-01-05,10:00,ISM Manufacturing,False,January: ISM's extra holiday after New Year's; both candidates kept
2010-01-06,10:00,ISM Services,False,January: ISM's extra holiday after New Year's; both candidates kept
2010-01-07,10:00,ISM Services,False,January: ISM's extra holiday after New Year's; both candidates kept
2010-02-01,10:00,ISM Manufacturing,True,
2010-02-03,10:00,ISM Services,True,
2010-03-01,10:00,ISM Manufacturing,True,
2010-03-03,10:00,ISM Services,True,
2010-04-01,10:00,ISM Manufacturing,True,
2010-04-05,10:00,ISM Services,False,Good Friday changes the count; both candidates kept
2010-04-06,10:00,ISM Services,False,Good Friday changes the count; both candidates kept
2010-05-03,10:00,ISM Manufacturing,True,
2010-05-05,10:00,ISM Services,True,
2010-06-01,10:00,ISM Manufacturing,True,
2010-06-03,10:00,ISM Services,True,
2010-07-01,10:00,ISM Manufacturing,True,
2010-07-06,10:00,ISM Services,True,
2010-08-02,10:00,ISM Manufacturing,True,
2010-08-04,10:00,ISM Services,True,
2010-09-01,10:00,ISM Manufacturing,True,
2010-09-03,10:00,ISM Services,True,
2010-10-01,10:00,ISM Manufacturing,True,
2010-10-05,10:00,ISM Services,True,
2010-11-01,10:00,ISM Manufacturing,True,
2010-11-03,10:00,ISM Services,True,
2010-12-01,10:00,ISM Manufacturing,True,
2010-12-03,10:00,ISM Services,True,
2011-01-03,10:00,ISM Manufacturing,False,January: ISM's extra holiday after New Year's; both candidates kept
2011-01-04,10:00,ISM Manufacturing,False,January: ISM's extra holiday after New Year's; both candidates kept
2011-01-05,10:00,ISM Services,False,January: ISM's extra holiday after New Year's; both candidates kept
2011-01-06,10:00,ISM Services,False,January: ISM's extra holiday after New Year's; both candidates kept
2011-02-01,10:00,ISM Manufacturing,True,
2011-02-03,10:00,ISM Services,True,
2011-03-01,10:00,ISM Manufacturing,True,
2011-03-03,10:00,ISM Services,True,
2011-04-01,10:00,ISM Manufacturing,True,
2011-04-05,10:00,ISM Services,True,
2011-05-02,10:00,ISM Manufacturing,True,
2011-05-04,10:00,ISM Services,True,
2011-06-01,10:00,ISM Manufacturing,True,
2011-06-03,10:00,ISM Services,True,
2011-07-01,10:00,ISM Manufacturing,True,
2011-07-06,10:00,ISM Services,True,
2011-08-01,10:00,ISM Manufacturing,True,
2011-08-03,10:00,ISM Services,True,
2011-09-01,10:00,ISM Manufacturing,True,
2011-09-06,10:00,ISM Services,True,
2011-10-03,10:00,ISM Manufacturing,True,
2011-10-05,10:00,ISM Services,True,
2011-11-01,10:00,ISM Manufacturing,True,
2011-11-03,10:00,ISM Services,True,
2011-12-01,10:00,ISM Manufacturing,True,
2011-12-05,10:00,ISM Services,True,
2012-01-03,10:00,ISM Manufacturing,False,January: ISM's extra holiday after New Year's; both candidates kept
2012-01-04,10:00,ISM Manufacturing,False,January: ISM's extra holiday after New Year's; both candidates kept
2012-01-05,10:00,ISM Services,False,January: ISM's extra holiday after New Year's; both candidates kept
2012-01-06,10:00,ISM Services,False,January: ISM's extra holiday after New Year's; both candidates kept
2012-02-01,10:00,ISM Manufacturing,True,
2012-02-03,10:00,ISM Services,True,
2012-03-01,10:00,ISM Manufacturing,True,
2012-03-05,10:00,ISM Services,True,
2012-04-02,10:00,ISM Manufacturing,True,
2012-04-04,10:00,ISM Services,True,
2012-05-01,10:00,ISM Manufacturing,True,
2012-05-03,10:00,ISM Services,True,
2012-06-01,10:00,ISM Manufacturing,True,
2012-06-05,10:00,ISM Services,True,
2012-07-02,10:00,ISM Manufacturing,True,
2012-07-05,10:00,ISM Services,True,
2012-08-01,10:00,ISM Manufacturing,True,
2012-08-03,10:00,ISM Services,True,
2012-09-04,10:00,ISM Manufacturing,True,
2012-09-06,10:00,ISM Services,True,
2012-10-01,10:00,ISM Manufacturing,True,
2012-10-03,10:00,ISM Services,True,
2012-11-01,10:00,ISM Manufacturing,True,
2012-11-05,10:00,ISM Services,True,
2012-12-03,10:00,ISM Manufacturing,True,
2012-12-05,10:00,ISM Services,True,
2013-01-02,10:00,ISM Manufacturing,False,January: ISM's extra holiday after New Year's; both candidates kept
2013-01-03,10:00,ISM Manufacturing,False,January: ISM's extra holiday after New Year's; both candidates kept
2013-01-04,10:00,ISM Services,False,January: ISM's extra holiday after New Year's; both candidates kept
2013-01-07,10:00,ISM Services,False,January: ISM's extra holiday after New Year's; both candidates kept
2013-02-01,10:00,ISM Manufacturing,True,
2013-02-05,10:00,ISM Services,True,
2013-03-01,10:00,ISM Manufacturing,True,
2013-03-05,10:00,ISM Services,True,
2013-04-01,10:00,ISM Manufacturing,True,
2013-04-03,10:00,ISM Services,True,
2013-05-01,10:00,ISM Manufacturing,True,
2013-05-03,10:00,ISM Services,True,
2013-06-03,10:00,ISM Manufacturing,True,
2013-06-05,10:00,ISM Services,True,
2013-07-01,10:00,ISM Manufacturing,True,
2013-07-03,10:00,ISM Services,True,
2013-08-01,10:00,ISM Manufacturing,True,
2013-08-05,10:00,ISM Services,True,
2013-09-03,10:00,ISM Manufacturing,True,
2013-09-05,10:00,ISM Services,True,
2013-10-01,10:00,ISM Manufacturing,True,
2013-10-03,10:00,ISM Services,True,
2013-11-01,10:00,ISM Manufacturing,True,
2013-11-05,10:00,ISM Services,True,
2013-12-02,10:00,ISM Manufacturing,True,
2013-12-04,10:00,ISM Services,True,
2014-01-02,10:00,ISM Manufacturing,False,January: ISM's extra holiday after New Year's; both candidates kept
2014-01-03,10:00,ISM Manufacturing,False,January: ISM's extra holiday after New Year's; both candidates kept
2014-01-06,10:00,ISM Services,False,January: ISM's extra holiday after New Year's; both candidates kept
2014-01-07,10:00,ISM Services,False,January: ISM's extra holiday after New Year's; both candidates kept
2014-02-03,10:00,ISM Manufacturing,True,
2014-02-05,10:00,ISM Services,True,
2014-03-03,10:00,ISM Manufacturing,True,
2014-03-05,10:00,ISM Services,True,
2014-04-01,10:00,ISM Manufacturing,True,
2014-04-03,10:00,ISM Services,True,
2014-05-01,10:00,ISM Manufacturing,True,
2014-05-05,10:00,ISM Services,True,
2014-06-02,10:00,ISM Manufacturing,True,
2014-06-04,10:00,ISM Services,True,
2014-07-01,10:00,ISM Manufacturing,True,
2014-07-03,10:00,ISM Services,True,
2014-08-01,10:00,ISM Manufacturing,True,
2014-08-05,10:00,ISM Services,True,
2014-09-02,10:00,ISM Manufacturing,True,
2014-09-04,10:00,ISM Services,True,
2014-10-01,10:00,ISM Manufacturing,True,
2014-10-03,10:00,ISM Services,True,
2014-11-03,10:00,ISM Manufacturing,True,
2014-11-05,10:00,ISM Services,True,
2014-12-01,10:00,ISM Manufacturing,True,
2014-12-03,10:00,ISM Services,True,
2015-01-02,10:00,ISM Manufacturing,False,January: ISM's extra holiday after New Year's; both candidates kept
2015-01-05,10:00,ISM Manufacturing,False,January: ISM's extra holiday after New Year's; both candidates kept
2015-01-06,10:00,ISM Services,False,January: ISM's extra holiday after New Year's; both candidates kept
2015-01-07,10:00,ISM Services,False,January: ISM's extra holiday after New Year's; both candidates kept
2015-02-02,10:00,ISM Manufacturing,True,
2015-02-04,10:00,ISM Services,True,
2015-03-02,10:00,ISM Manufacturing,True,
2015-03-04,10:00,ISM Services,True,
2015-04-01,10:00,ISM Manufacturing,True,
2015-04-03,10:00,ISM Services,False,Good Friday changes the count; both candidates kept
2015-04-06,10:00,ISM Services,False,Good Friday changes the count; both candidates kept
2015-05-01,10:00,ISM Manufacturing,True,
2015-05-05,10:00,ISM Services,True,
2015-06-01,10:00,ISM Manufacturing,True,
2015-06-03,10:00,ISM Services,True,
2015-07-01,10:00,ISM Manufacturing,True,
2015-07-06,10:00,ISM Services,True,
2015-08-03,10:00,ISM Manufacturing,True,
2015-08-05,10:00,ISM Services,True,
2015-09-01,10:00,ISM Manufacturing,True,
2015-09-03,10:00,ISM Services,True,
2015-10-01,10:00,ISM Manufacturing,True,
2015-10-05,10:00,ISM Services,True,
2015-11-02,10:00,ISM Manufacturing,True,
2015-11-04,10:00,ISM Services,True,
2015-12-01,10:00,ISM Manufacturing,True,
2015-12-03,10:00,ISM Services,True,
2016-01-04,10:00,ISM Manufacturing,False,January: ISM's extra holiday after New Year's; both candidates kept
2016-01-05,10:00,ISM Manufacturing,False,January: ISM's extra holiday after New Year's; both candidates kept
2016-01-06,10:00,ISM Services,False,January: ISM's extra holiday after New Year's; both candidates kept
2016-01-07,10:00,ISM Services,False,January: ISM's extra holiday after New Year's; both candidates kept
2016-02-01,10:00,ISM Manufacturing,True,
2016-02-03,10:00,ISM Services,True,
2016-03-01,10:00,ISM Manufacturing,True,
2016-03-03,10:00,ISM Services,True,
2016-04-01,10:00,ISM Manufacturing,True,
2016-04-05,10:00,ISM Services,True,
2016-05-02,10:00,ISM Manufacturing,True,
2016-05-04,10:00,ISM Services,True,
2016-06-01,10:00,ISM Manufacturing,True,
2016-06-03,10:00,ISM Services,True,
2016-07-01,10:00,ISM Manufacturing,True,
2016-07-06,10:00,ISM Services,True,
2016-08-01,10:00,ISM Manufacturing,True,
2016-08-03,10:00,ISM Services,True,
2016-09-01,10:00,ISM Manufacturing,True,
2016-09-06,10:00,ISM Services,True,
2016-10-03,10:00,ISM Manufacturing,True,
2016-10-05,10:00,ISM Services,True,
2016-11-01,10:00,ISM Manufacturing,True,
2016-11-03,10:00,ISM Services,True,
2016-12-01,10:00,ISM Manufacturing,True,
2016-12-05,10:00,ISM Services,True,
2017-01-03,10:00,ISM Manufacturing,False,January: ISM's extra holiday after New Year's; both candidates kept
2017-01-04,10:00,ISM Manufacturing,False,January: ISM's extra holiday after New Year's; both candidates kept
2017-01-05,10:00,ISM Services,False,January: ISM's extra holiday after New Year's; both candidates kept
2017-01-06,10:00,ISM Services,False,January: ISM's extra holiday after New Year's; both candidates kept
2017-02-01,10:00,ISM Manufacturing,True,
2017-02-03,10:00,ISM Services,True,
2017-03-01,10:00,ISM Manufacturing,True,
2017-03-03,10:00,ISM Services,True,
2017-04-03,10:00,ISM Manufacturing,True,
2017-04-05,10:00,ISM Services,True,
2017-05-01,10:00,ISM Manufacturing,True,
2017-05-03,10:00,ISM Services,True,
2017-06-01,10:00,ISM Manufacturing,True,
2017-06-05,10:00,ISM Services,True,
2017-07-03,10:00,ISM Manufacturing,True,
2017-07-06,10:00,ISM Services,True,
2017-08-01,10:00,ISM Manufacturing,True,
2017-08-03,10:00,ISM Services,True,
2017-09-01,10:00,ISM Manufacturing,True,
2017-09-06,10:00,ISM Services,True,
2017-10-02,10:00,ISM Manufacturing,True,
2017-10-04,10:00,ISM Services,True,
2017-11-01,10:00,ISM Manufacturing,True,
2017-11-03,10:00,ISM Services,True,
2017-12-01,10:00,ISM Manufacturing,True,
2017-12-05,10:00,ISM Services,True,
2018-01-02,10:00,ISM Manufacturing,False,January: ISM's extra holiday after New Year's; both candidates kept
2018-01-03,10:00,ISM Manufacturing,False,January: ISM's extra holiday after New Year's; both candidates kept
2018-01-04,10:00,ISM Services,False,January: ISM's extra holiday after New Year's; both candidates kept
2018-01-05,10:00,ISM Services,False,January: ISM's extra holiday after New Year's; both candidates kept
2018-02-01,10:00,ISM Manufacturing,True,
2018-02-05,10:00,ISM Services,True,
2018-03-01,10:00,ISM Manufacturing,True,
2018-03-05,10:00,ISM Services,True,
2018-04-02,10:00,ISM Manufacturing,True,
2018-04-04,10:00,ISM Services,True,
2018-05-01,10:00,ISM Manufacturing,True,
2018-05-03,10:00,ISM Services,True,
2018-06-01,10:00,ISM Manufacturing,True,
2018-06-05,10:00,ISM Services,True,
2018-07-02,10:00,ISM Manufacturing,True,
2018-07-05,10:00,ISM Services,True,
2018-08-01,10:00,ISM Manufacturing,True,
2018-08-03,10:00,ISM Services,True,
2018-09-04,10:00,ISM Manufacturing,True,
2018-09-06,10:00,ISM Services,True,
2018-10-01,10:00,ISM Manufacturing,True,
2018-10-03,10:00,ISM Services,True,
2018-11-01,10:00,ISM Manufacturing,True,
2018-11-05,10:00,ISM Services,True,
2018-12-03,10:00,ISM Manufacturing,True,
2018-12-05,10:00,ISM Services,True,
2019-01-02,10:00,ISM Manufacturing,False,January: ISM's extra holiday after New Year's; both candidates kept
2019-01-03,10:00,ISM Manufacturing,False,January: ISM's extra holiday after New Year's; both candidates kept
2019-01-04,10:00,ISM Services,False,January: ISM's extra holiday after New Year's; both candidates kept
2019-01-07,10:00,ISM Services,False,January: ISM's extra holiday after New Year's; both candidates kept
2019-02-01,10:00,ISM Manufacturing,True,
2019-02-05,10:00,ISM Services,True,
2019-03-01,10:00,ISM Manufacturing,True,
2019-03-05,10:00,ISM Services,True,
2019-04-01,10:00,ISM Manufacturing,True,
2019-04-03,10:00,ISM Services,True,
2019-05-01,10:00,ISM Manufacturing,True,
2019-05-03,10:00,ISM Services,True,
2019-06-03,10:00,ISM Manufacturing,True,
2019-06-05,10:00,ISM Services,True,
2019-07-01,10:00,ISM Manufacturing,True,
2019-07-03,10:00,ISM Services,True,
2019-08-01,10:00,ISM Manufacturing,True,
2019-08-05,10:00,ISM Services,True,
2019-09-03,10:00,ISM Manufacturing,True,
2019-09-05,10:00,ISM Services,True,
2019-10-01,10:00,ISM Manufacturing,True,
2019-10-03,10:00,ISM Services,True,
2019-11-01,10:00,ISM Manufacturing,True,
2019-11-05,10:00,ISM Services,True,
2019-12-02,10:00,ISM Manufacturing,True,
2019-12-04,10:00,ISM Services,True,
2020-01-02,10:00,ISM Manufacturing,False,January: ISM's extra holiday after New Year's; both candidates kept
2020-01-03,10:00,ISM Manufacturing,False,January: ISM's extra holiday after New Year's; both candidates kept
2020-01-06,10:00,ISM Services,False,January: ISM's extra holiday after New Year's; both candidates kept
2020-01-07,10:00,ISM Services,False,January: ISM's extra holiday after New Year's; both candidates kept
2020-02-03,10:00,ISM Manufacturing,True,
2020-02-05,10:00,ISM Services,True,
2020-03-02,10:00,ISM Manufacturing,True,
2020-03-04,10:00,ISM Services,True,
2020-04-01,10:00,ISM Manufacturing,True,
2020-04-03,10:00,ISM Services,True,
2020-05-01,10:00,ISM Manufacturing,True,
2020-05-05,10:00,ISM Services,True,
2020-06-01,10:00,ISM Manufacturing,True,
2020-06-03,10:00,ISM Services,True,
2020-07-01,10:00,ISM Manufacturing,True,
2020-07-06,10:00,ISM Services,True,
2020-08-03,10:00,ISM Manufacturing,True,
2020-08-05,10:00,ISM Services,True,
2020-09-01,10:00,ISM Manufacturing,True,
2020-09-03,10:00,ISM Services,True,
2020-10-01,10:00,ISM Manufacturing,True,
2020-10-05,10:00,ISM Services,True,
2020-11-02,10:00,ISM Manufacturing,True,
2020-11-04,10:00,ISM Services,True,
2020-12-01,10:00,ISM Manufacturing,True,
2020-12-03,10:00,ISM Services,True,
2021-01-04,10:00,ISM Manufacturing,False,January: ISM's extra holiday after New Year's; both candidates kept
2021-01-05,10:00,ISM Manufacturing,False,January: ISM's extra holiday after New Year's; both candidates kept
2021-01-06,10:00,ISM Services,False,January: ISM's extra holiday after New Year's; both candidates kept
2021-01-07,10:00,ISM Services,False,January: ISM's extra holiday after New Year's; both candidates kept
2021-02-01,10:00,ISM Manufacturing,True,
2021-02-03,10:00,ISM Services,True,
2021-03-01,10:00,ISM Manufacturing,True,
2021-03-03,10:00,ISM Services,True,
2021-04-01,10:00,ISM Manufacturing,True,
2021-04-05,10:00,ISM Services,False,Good Friday changes the count; both candidates kept
2021-04-06,10:00,ISM Services,False,Good Friday changes the count; both candidates kept
2021-05-03,10:00,ISM Manufacturing,True,
2021-05-05,10:00,ISM Services,True,
2021-06-01,10:00,ISM Manufacturing,True,
2021-06-03,10:00,ISM Services,True,
2021-07-01,10:00,ISM Manufacturing,True,
2021-07-06,10:00,ISM Services,True,
2021-08-02,10:00,ISM Manufacturing,True,
2021-08-04,10:00,ISM Services,True,
2021-09-01,10:00,ISM Manufacturing,True,
2021-09-03,10:00,ISM Services,True,
2021-10-01,10:00,ISM Manufacturing,True,
2021-10-05,10:00,ISM Services,True,
2021-11-01,10:00,ISM Manufacturing,True,
2021-11-03,10:00,ISM Services,True,
2021-12-01,10:00,ISM Manufacturing,True,
2021-12-03,10:00,ISM Services,True,
2022-01-03,10:00,ISM Manufacturing,False,January: ISM's extra holiday after New Year's; both candidates kept
2022-01-04,10:00,ISM Manufacturing,False,January: ISM's extra holiday after New Year's; both candidates kept
2022-01-05,10:00,ISM Services,False,January: ISM's extra holiday after New Year's; both candidates kept
2022-01-06,10:00,ISM Services,False,January: ISM's extra holiday after New Year's; both candidates kept
2022-02-01,10:00,ISM Manufacturing,True,
2022-02-03,10:00,ISM Services,True,
2022-03-01,10:00,ISM Manufacturing,True,
2022-03-03,10:00,ISM Services,True,
2022-04-01,10:00,ISM Manufacturing,True,
2022-04-05,10:00,ISM Services,True,
2022-05-02,10:00,ISM Manufacturing,True,
2022-05-04,10:00,ISM Services,True,
2022-06-01,10:00,ISM Manufacturing,True,
2022-06-03,10:00,ISM Services,True,
2022-07-01,10:00,ISM Manufacturing,True,
2022-07-06,10:00,ISM Services,True,
2022-08-01,10:00,ISM Manufacturing,True,
2022-08-03,10:00,ISM Services,True,
2022-09-01,10:00,ISM Manufacturing,True,
2022-09-06,10:00,ISM Services,True,
2022-10-03,10:00,ISM Manufacturing,True,
2022-10-05,10:00,ISM Services,True,
2022-11-01,10:00,ISM Manufacturing,True,
2022-11-03,10:00,ISM Services,True,
2022-12-01,10:00,ISM Manufacturing,True,
2022-12-05,10:00,ISM Services,True,
2023-01-03,10:00,ISM Manufacturing,False,January: ISM's extra holiday after New Year's; both candidates kept
2023-01-04,10:00,ISM Manufacturing,False,January: ISM's extra holiday after New Year's; both candidates kept
2023-01-05,10:00,ISM Services,False,January: ISM's extra holiday after New Year's; both candidates kept
2023-01-06,10:00,ISM Services,False,January: ISM's extra holiday after New Year's; both candidates kept
2023-02-01,10:00,ISM Manufacturing,True,
2023-02-03,10:00,ISM Services,True,
2023-03-01,10:00,ISM Manufacturing,True,
2023-03-03,10:00,ISM Services,True,
2023-04-03,10:00,ISM Manufacturing,True,
2023-04-05,10:00,ISM Services,True,
2023-05-01,10:00,ISM Manufacturing,True,
2023-05-03,10:00,ISM Services,True,
2023-06-01,10:00,ISM Manufacturing,True,
2023-06-05,10:00,ISM Services,True,
2023-07-03,10:00,ISM Manufacturing,True,
2023-07-06,10:00,ISM Services,True,
2023-08-01,10:00,ISM Manufacturing,True,
2023-08-03,10:00,ISM Services,True,
2023-09-01,10:00,ISM Manufacturing,True,
2023-09-06,10:00,ISM Services,True,
2023-10-02,10:00,ISM Manufacturing,True,
2023-10-04,10:00,ISM Services,True,
2023-11-01,10:00,ISM Manufacturing,True,
2023-11-03,10:00,ISM Services,True,
2023-12-01,10:00,ISM Manufacturing,True,
2023-12-05,10:00,ISM Services,True,
2024-01-02,10:00,ISM Manufacturing,False,January: ISM's extra holiday after New Year's; both candidates kept
2024-01-03,10:00,ISM Manufacturing,False,January: ISM's extra holiday after New Year's; both candidates kept
2024-01-04,10:00,ISM Services,False,January: ISM's extra holiday after New Year's; both candidates kept
2024-01-05,10:00,ISM Services,False,January: ISM's extra holiday after New Year's; both candidates kept
2024-02-01,10:00,ISM Manufacturing,True,
2024-02-05,10:00,ISM Services,True,
2024-03-01,10:00,ISM Manufacturing,True,
2024-03-05,10:00,ISM Services,True,
2024-04-01,10:00,ISM Manufacturing,True,
2024-04-03,10:00,ISM Services,True,
2024-05-01,10:00,ISM Manufacturing,True,
2024-05-03,10:00,ISM Services,True,
2024-06-03,10:00,ISM Manufacturing,True,
2024-06-05,10:00,ISM Services,True,
2024-07-01,10:00,ISM Manufacturing,True,
2024-07-03,10:00,ISM Services,True,
2024-08-01,10:00,ISM Manufacturing,True,
2024-08-05,10:00,ISM Services,True,
2024-09-03,10:00,ISM Manufacturing,True,
2024-09-05,10:00,ISM Services,True,
2024-10-01,10:00,ISM Manufacturing,True,
2024-10-03,10:00,ISM Services,True,
2024-11-01,10:00,ISM Manufacturing,True,
2024-11-05,10:00,ISM Services,True,
2024-12-02,10:00,ISM Manufacturing,True,
2024-12-04,10:00,ISM Services,True,
2025-01-02,10:00,ISM Manufacturing,False,January: ISM's extra holiday after New Year's; both candidates kept
2025-01-03,10:00,ISM Manufacturing,False,January: ISM's extra holiday after New Year's; both candidates kept
2025-01-06,10:00,ISM Services,False,January: ISM's extra holiday after New Year's; both candidates kept
2025-01-07,10:00,ISM Services,False,January: ISM's extra holiday after New Year's; both candidates kept
2025-02-03,10:00,ISM Manufacturing,True,
2025-02-05,10:00,ISM Services,True,
2025-03-03,10:00,ISM Manufacturing,True,
2025-03-05,10:00,ISM Services,True,
2025-04-01,10:00,ISM Manufacturing,True,
2025-04-03,10:00,ISM Services,True,
2025-05-01,10:00,ISM Manufacturing,True,
2025-05-05,10:00,ISM Services,True,
2025-06-02,10:00,ISM Manufacturing,True,
2025-06-04,10:00,ISM Services,True,
2025-07-01,10:00,ISM Manufacturing,True,
2025-07-03,10:00,ISM Services,True,
2025-08-01,10:00,ISM Manufacturing,True,
2025-08-05,10:00,ISM Services,True,
2025-09-02,10:00,ISM Manufacturing,True,
2025-09-04,10:00,ISM Services,True,
2025-10-01,10:00,ISM Manufacturing,True,
2025-10-03,10:00,ISM Services,True,
2025-11-03,10:00,ISM Manufacturing,True,
2025-11-05,10:00,ISM Services,True,
2025-12-01,10:00,ISM Manufacturing,True,
2025-12-03,10:00,ISM Services,True,
